[
  {
    "id":1,
    "word":"RITUAL",
    "hints":2
  },
  {
    "id":2,
    "word":"FUSION",
    "hints":2
  },
  {
    "id":3,
    "word":"INVOCACION",
    "hints":3
  },
  {
    "id":4,
    "word":"CARTA",
    "hints":1
  },
  {
    "id":5,
    "word":"CAMPO",
    "hints":1
  },{
    "id":6,
    "word":"SINCRONIA",
    "hints":2
  },{
    "id":7,
    "word":"PENDULO",
    "hints":2
  },{
    "id":8,
    "word":"ENLACE",
    "hints":2
  },{
    "id":9,
    "word":"LUZ",
    "hints":0
  },{
    "id":10,
    "word":"CEMENTERIO",
    "hints":3
  }
]
